Responses,Confidence,Fluency
"I started my career as a financial analyst, where I worked on investment modeling. Later, I transitioned to data science, focusing on predictive analytics and AI applications.",95,98
"My first role was as a marketing strategist, where I analyzed consumer trends. I then moved into business analytics, specializing in data visualization and forecasting.",90,95
"Um… I first, uh, worked in finance, then, um, I moved to data… um… analytics, where I did, uh, machine learning.",30,40
"I began in software development, automating processes for a logistics firm. Later, I became a data scientist, focusing on AI-driven solutions.",92,96
"Uh… I started in, um, sales, and then, uh, I moved into, um, analytics and, uh, worked with data.",25,35
"With five years of experience, I have worked in business intelligence, sales analytics, and AI-powered decision-making.",93,97
"Uh… I worked in a, um, financial company and, uh, I did some work in, uh, data analytics?",30,38
"My background includes project management in tech startups, where I built data-driven dashboards and automated reporting.",90,94
"I, uh, worked as a business analyst and, um, did AI work… sometimes?",28,36
"I started as a supply chain analyst, optimizing inventory management. Later, I moved into AI-driven logistics forecasting.",89,94
"Uh… I think I started in consulting, then, uh, moved into data analytics, um, and AI.",32,42
"I have worked in data engineering and analytics, focusing on optimizing large-scale data pipelines for real-time decision-making.",92,96
"Uh… I have worked in, um, multiple fields, and, uh, I like working with AI.",27,37
"My expertise is in finance and AI, where I developed machine learning models for investment risk assessment.",88,91
"Um… I, uh, worked on data analytics, um, with some AI projects, uh, in my last job.",35,45
"I started my career in customer insights, helping brands understand consumer behavior using predictive analytics.",94,97
"Uh… I, um, have experience in data management, and I, uh, worked with databases and AI tools.",30,38
"I transitioned from product management to data science, where I now specialize in AI-powered product optimization.",90,95
"I, um, worked in, uh, data analytics, and, uh, I built machine learning models.",30,40
"I have applied AI techniques in various business domains, from finance to healthcare, to improve decision-making.",91,96
"Uh… I, um, worked in different industries and, uh, did some analytics and AI, um, projects?",28,38
"I started with market research, then shifted to data science, where I focused on deep learning applications.",89,94
"Uh… I, uh, have done AI work and, um, analytics in, uh, different fields?",30,39
My background in AI enables me to create data-driven models that enhance business intelligence.,91,96
"I started as a research analyst, later transitioning into AI-driven data science, where I work on machine learning projects.",92,95
"My expertise in data analytics, machine learning, and statistical modeling allows me to derive insights that drive business decisions.",95,98
"With strong programming skills in Python and SQL, I have built AI-driven models to optimize business processes.",92,96
"Um… I have, uh, experience in data science and, um, I know, uh, machine learning?",30,40
"I specialize in financial modeling and predictive analytics, helping companies make data-driven investment decisions.",94,97
"Uh… I think I have some experience in AI, um, and, uh, data science.",28,38
My skills in business intelligence and AI allow me to create dashboards and predictive models that improve efficiency.,90,95
"Uh… I, um, work with data and, uh, know some machine learning techniques?",30,38
"I have hands-on experience in deep learning and NLP, developing AI-powered solutions for real-world challenges.",93,97
"I, uh, have done some, um, analytics work and, uh, some AI projects too.",32,42
"My strengths lie in problem-solving, data engineering, and automating business workflows using AI.",91,96
"Um… I have worked with AI, and, uh, I know Python and, uh, machine learning?",30,40
"I bring a combination of statistical expertise, programming proficiency, and business acumen to solve complex data problems.",92,95
"Uh… I, uh, have done some work in, um, predictive analytics and, uh, machine learning.",30,39
I excel in using data-driven insights to optimize marketing campaigns and improve customer engagement.,89,94
My background in AI and cloud computing enables me to build scalable machine learning models for businesses.,91,96
"I, um, know some machine learning and, uh, I can work with data and, um, do analytics.",28,38
"With expertise in big data processing, I build models that drive automation and operational efficiency.",90,94
"I have experience in forecasting models and time series analysis, helping businesses predict trends accurately.",88,92
My strong grasp of AI ethics and responsible AI practices ensures that I develop fair and unbiased models.,90,95
"Uh… I, um, worked on some AI projects, and, uh, I can do data analysis?",30,38
My experience with AI and financial modeling allows me to optimize investment portfolios and assess risks.,91,96
"I, uh, have experience in, um, programming and, uh, some machine learning?",30,40
My ability to translate complex data into actionable insights helps organizations make better decisions.,92,95
"I am proficient in AI-driven automation, reducing manual work and improving business efficiency.",89,94
"My combination of problem-solving, programming, and analytical skills makes me a strong fit for this role.",93,97
"In my previous role, I had a coworker who often missed deadlines, impacting our team's progress. I initiated a conversation to understand his challenges, suggested a task management tool, and collaborated to improve efficiency.",95,98
"I once worked with a client who constantly changed requirements. I handled it by setting clear expectations, documenting every change, and maintaining proactive communication.",92,96
"Um… I, uh, worked with someone who, um, was difficult, and, uh, I tried to, um, solve it?",30,40
"A team member would frequently dismiss my ideas in meetings. I addressed this by engaging him one-on-one, understanding his concerns, and ensuring our collaboration improved.",94,97
"Uh… I had, um, a client who was, uh, hard to work with, and, um, I tried to, uh, talk to them?",28,38
I once managed a challenging stakeholder who was resistant to data-driven decisions. I overcame this by presenting clear visual reports that aligned with their business goals.,90,95
"Uh… I, um, worked with a coworker who, uh, disagreed a lot, so I, um, tried to listen more?",30,38
A difficult vendor kept delaying deliverables. I resolved it by renegotiating the terms and adding milestone-based accountability.,93,97
"I, uh, had a coworker who, um, didn’t cooperate, and, uh, I tried to, um, work things out.",32,42
I once worked with a difficult supervisor who micromanaged everything. I built trust by proactively updating them and demonstrating reliability.,91,96
"Um… I had, uh, a tough client, and, uh, I just, um, tried to stay professional?",30,40
"A senior colleague often dismissed junior team members' ideas. I facilitated discussions where everyone contributed equally, gradually fostering a more inclusive environment.",92,95
"Uh… I, uh, had a client who, um, was tough to handle, so I, uh, remained patient?",30,39
"A colleague was reluctant to share knowledge. I gained their trust by offering help first, which led to better teamwork.",89,94
"I worked with a demanding client who expected immediate responses. By setting clear response timeframes, I managed expectations and reduced friction.",91,96
"I, um, worked with someone who, uh, didn’t communicate well, and, um, I encouraged more discussions?",28,38
A vendor repeatedly failed to meet deadlines. I mitigated risks by securing alternative suppliers and keeping management informed.,90,94
A difficult teammate often took credit for group work. I addressed it professionally by ensuring our contributions were clearly documented.,88,92
"A client once rejected all our proposals. I adapted by asking more questions to understand their needs better, eventually aligning with their expectations.",90,95
"Uh… I, um, had a disagreement with a coworker, and, uh, I tried to, um, resolve it?",30,38
A coworker kept dismissing my feedback. I handled it by discussing our common goals and finding mutual ground for collaboration.,91,96
"I, uh, worked with a client who, um, was not happy, and, uh, I tried to, um, solve their concerns.",30,40
"I managed a high-pressure situation where a client was dissatisfied. By calmly listening to their grievances and offering solutions, I retained their trust.",92,95
A challenging team member had a habit of not following processes. I introduced structured workflows that helped align the entire team.,89,94
I defused a tense situation between two departments by facilitating an open discussion that addressed misunderstandings.,93,97
"In my last role, I had to quickly learn SQL to analyze data efficiently. I took an online course, practiced daily, and applied my knowledge to real projects.",95,98
"I needed to learn Tableau for a project. I dedicated extra hours to self-learning through tutorials and hands-on practice, which helped me master it quickly.",92,96
"Um… I, uh, had to learn, um, Excel fast, so I, uh, watched some videos?",30,40
"When I transitioned into a data-focused role, I had to pick up Python quickly. I joined a coding bootcamp and practiced consistently to get comfortable.",94,97
"Uh… I had to, um, learn SQL, and, um, I watched, uh, some videos?",28,38
"My manager asked me to analyze financial data using Power BI. I read documentation, completed exercises, and successfully created dashboards within a week.",90,95
"Uh… I, um, had to learn coding, and, uh, I tried different resources?",30,38
I had to master project management software in a short time. I shadowed an experienced colleague and practiced through real-world tasks.,93,97
"I, uh, had to learn a tool fast, so I, um, read some guides and, uh, tried it out.",32,42
"When my company adopted a new CRM system, I quickly familiarized myself by completing the training modules and assisting my teammates with onboarding.",91,96
"Um… I had to, uh, use a new software, and, um, I just explored it?",30,40
"I needed to improve my public speaking for presentations. I attended workshops, practiced in front of colleagues, and sought feedback to refine my delivery.",92,95
"Uh… I, uh, had to learn Excel, so I, um, watched some videos?",30,39
"My team switched to a new coding framework. I adapted by reading the official documentation, watching tutorials, and collaborating with peers.",89,94
"When assigned to a financial modeling project, I learned advanced Excel techniques through hands-on practice and expert guidance.",91,96
"I, um, had to learn something fast, and, uh, I read articles and practiced?",28,38
I had to quickly familiarize myself with market analysis tools. I took an intensive online course and applied the concepts immediately.,90,94
A sudden role shift required me to learn digital marketing analytics. I enrolled in a certification program and tested my skills through live campaigns.,88,92
"My team introduced automation tools, and I had no prior experience. I practiced with sample projects and asked experts for insights to grasp them efficiently.",90,95
"Uh… I, um, had to use a new tool, and, uh, I just tried things out?",30,38
"I had to learn Python for a project. I started with small scripts, practiced regularly, and sought mentorship from senior developers.",91,96
"I, uh, had to quickly learn a new CRM system, so I, um, went through the manuals and asked colleagues for help.",30,40
"A sudden change required me to understand financial forecasting. I attended expert sessions, analyzed past data, and successfully implemented new models.",92,95
My company switched to a cloud-based platform. I quickly adapted by completing hands-on training and experimenting with different functionalities.,89,94
"I had to learn data visualization for a client presentation. I used online tutorials, practiced with datasets, and refined my approach through feedback.",93,97
"In my previous role, I had to complete a client report within 24 hours. I prioritized key sections, delegated minor tasks, and ensured quality by reviewing efficiently.",95,98
"I once had to finalize a financial analysis in two days. I structured my tasks, eliminated distractions, and worked extra hours to meet the deadline successfully.",92,96
"Um… I, uh, had a deadline once and, uh, I worked fast to, um, finish it?",30,40
"A last-minute request required me to build a data dashboard in one day. I streamlined data processing, used automation, and delivered on time.",94,97
"Uh… I had to, um, complete a project fast, so I, uh, focused on the main parts?",28,38
"My team had to deliver a marketing campaign in 48 hours. We prioritized key deliverables, held quick check-ins, and successfully launched on schedule.",90,95
"Uh… I, um, had to do something quickly, and, uh, I just focused on it?",30,38
"I had to prepare a presentation overnight. I gathered key insights first, avoided unnecessary details, and practiced efficiently to ensure clarity.",93,97
"I, uh, had to submit something fast, so I, um, made a plan and, uh, worked on it.",32,42
"A tight deadline required me to write a detailed report. I broke it into sections, set mini-deadlines, and reviewed my work in real-time to stay efficient.",91,96
"Um… I had to, uh, finish something fast, and, um, I just worked quickly?",30,40
"I had to complete a client proposal within a few hours. I used templates, focused on critical details, and ensured accuracy before submission.",92,95
"Uh… I, uh, had to finish a task, so I, um, worked as fast as I could?",30,39
"During a product launch, we faced unexpected changes. I adapted quickly, restructured the schedule, and coordinated with the team to meet the deadline.",89,94
"I had to compile financial reports in record time. I streamlined data collection, automated calculations, and completed the task with precision.",91,96
"I, um, had to work fast, and, uh, I made a list and, uh, followed it?",28,38
"A last-minute request required me to conduct data analysis overnight. I used pre-built models, verified results carefully, and delivered a clear report.",90,94
"Our team had to launch a website update in 24 hours. We split tasks efficiently, maintained communication, and ensured a flawless rollout.",88,92
"An urgent deadline required a fast market analysis. I divided the work among colleagues, double-checked critical insights, and submitted ahead of time.",90,95
"Uh… I, um, had to submit a report fast, and, uh, I just worked without breaks?",30,38
"I had to design a marketing strategy overnight. I focused on high-impact areas, gathered quick insights, and delivered a comprehensive plan.",91,96
"I, uh, had to meet a deadline, so I, um, worked longer hours and, uh, finished it.",30,40
"A critical sales report was due within hours. I used past data templates, adjusted key figures, and verified all insights before submission.",92,95
"A sudden project change required us to finish development early. I realigned priorities, eliminated unnecessary steps, and delivered successfully.",89,94
"I had to prepare an investor pitch in a day. I outlined key selling points, practiced delivery, and refined my slides to make them concise and impactful.",93,97
"I once miscalculated a financial report, leading to incorrect projections. I caught the mistake, informed my manager, corrected the data, and implemented a review process to prevent future errors.",95,98
"I accidentally sent an incomplete client proposal. I quickly acknowledged the mistake, apologized, and resent the full proposal while ensuring better proofreading in future submissions.",92,96
"Uh… I, um, sent the wrong email to someone, and, uh, I fixed it later.",30,40
"I misunderstood a project timeline and delivered a report late. I took responsibility, informed my team, and adjusted my task management system to stay ahead of deadlines.",94,97
"I, um, misread some data in a report, and, uh, I had to correct it later when someone pointed it out.",28,38
"I once gave incorrect data in a meeting. I immediately corrected myself, provided the right information in a follow-up email, and improved my fact-checking methods.",90,95
"Uh… I, um, forgot to update a file, and, uh, my manager wasn’t happy, so I fixed it.",30,38
"During a software deployment, I overlooked an important configuration setting. It caused a system issue, but I quickly identified the problem, fixed it, and improved my checklist for future deployments.",93,97
"I, uh, didn’t communicate properly in a project, and, um, we had some confusion.",32,42
"I approved an ad campaign with an error. I took accountability, had the issue fixed before launch, and implemented a double-check system.",91,96
"Um… I, uh, didn’t save a document, and, uh, had to redo my work.",30,40
"I accidentally deleted an important file. I immediately retrieved a backup, informed my team, and set up an improved file management system.",92,95
"Uh… I, um, didn’t check my work properly, so I had to redo it later.",30,39
"I misunderstood a client’s requirements and developed the wrong report. I owned up to it, corrected the analysis, and asked for clearer guidelines in future projects.",89,94
"I once sent an email with confidential details to the wrong recipient. I immediately notified my manager, mitigated the risk, and became more cautious with sensitive information.",91,96
"I, um, didn’t realize I made a mistake until someone told me, and, uh, I fixed it right away.",28,38
"I gave a wrong sales forecast in a report. I acknowledged my mistake, corrected the figures, and added extra validation steps in future reports.",90,94
"I overlooked a critical requirement in a software update. I quickly resolved the issue, apologized to stakeholders, and strengthened my review process.",88,92
"I failed to update an important database on time. I admitted my mistake, quickly rectified it, and created an automated reminder system to prevent delays.",90,95
"Uh… I, um, sent the wrong numbers in a report, and, uh, I fixed them later.",30,38
"I misunderstood my manager’s instructions, leading to errors in a project. I clarified the expectations, fixed the issue, and improved my note-taking process.",91,96
"I, uh, didn’t complete a task on time, so I, um, worked late to make up for it.",30,40
"I once neglected to follow up with a client on an important deadline. I took accountability, reached out immediately, and put a tracking system in place.",92,95
"I miscalculated a budget report, leading to discrepancies. I identified the issue, fixed the calculations, and introduced a secondary review process.",89,94
"I approved a product design without checking compliance guidelines. I corrected the oversight, worked with the team on adjustments, and improved the review system.",93,97
"During a project, two team members disagreed on the approach. I facilitated a discussion, helped them find common ground, and ensured we made a data-driven decision.",95,98
"There was a disagreement between marketing and sales about campaign direction. I mediated by gathering feedback from both sides, ensuring their concerns were addressed, and we reached a compromise.",92,96
"Uh… there was, um, a disagreement, and, uh, I think we solved it together.",30,40
"A team member wasn’t pulling their weight, which caused tension. I had a one-on-one conversation with them, understood their challenges, and helped redistribute tasks fairly.",94,97
"I, um, was in a group where two people, uh, didn’t agree on something, and, um, we talked it out.",28,38
"Our team had differing opinions on a project deadline. I proposed a compromise where we broke the work into phases, which kept everyone satisfied.",90,95
"Uh… I, um, remember a time when there was a problem, and, uh, we all just discussed it.",30,38
"There was friction between two departments on resource allocation. I stepped in, facilitated a joint meeting, and we realigned our priorities to ensure efficiency.",93,97
"I, uh, was in a situation where some team members were, um, not agreeing, and, uh, I think we solved it.",32,42
"A colleague and I had different approaches to solving a problem. Instead of arguing, we tested both methods and picked the most effective one based on results.",91,96
"Um… I, uh, remember a time when two people weren’t happy, and, uh, I think we found a way.",30,40
"A senior member dismissed my ideas in a meeting. I calmly asked for a one-on-one discussion, presented my perspective, and we reached mutual respect.",92,95
"Uh… I, um, tried to, uh, help people when they, um, had a conflict.",30,39
"I was in a team where one member was constantly negative. I had a private chat with them, understood their frustrations, and helped them reframe challenges more positively.",89,94
"There was conflict over who would present our project. I suggested we split responsibilities based on strengths, and that satisfied everyone.",91,96
"I, um, noticed that two colleagues weren’t talking, so, um, I encouraged them to, uh, work together again.",28,38
"I once had a disagreement with a teammate over task division. Instead of arguing, we listed out our strengths and divided the tasks accordingly.",90,94
"Our team had conflicting priorities, so I created a structured workflow that balanced everyone’s concerns while maintaining productivity.",88,92
"A teammate was upset about workload distribution. I listened to their concerns, reassigned tasks, and made sure everyone felt valued.",90,95
"Uh… I, um, had to work with people who, uh, didn’t agree, and, um, I think we found a solution.",30,38
"I noticed growing frustration in a project team, so I organized a quick check-in meeting where everyone shared their concerns, which improved collaboration.",91,96
"I, uh, tried to, um, help when there was, uh, a disagreement, but I, um, wasn’t sure what to do.",30,40
"In a group project, a member kept dismissing feedback. I privately discussed it with them, explaining how collaboration improves results, and they became more open.",92,95
"A vendor and our team clashed over contract terms. I stepped in, negotiated fairly, and found a solution that worked for both sides.",89,94
"Our team was split on using two different software tools. I arranged a test period where we compared both, and we chose the best one based on performance.",93,97
"During my internship, I noticed inefficiencies in the sales tracking system, so I developed an automated dashboard that saved the team several hours each week.",95,98
"Our team was struggling to meet a deadline due to unexpected issues, so I stayed late for multiple nights to troubleshoot and ensure we delivered on time.",94,97
"Uh… there was a time when, um, I helped out, uh, with something extra at work.",30,40
"A colleague was overwhelmed with their workload, so I volunteered to take on some of their tasks without being asked, ensuring the project stayed on track.",92,96
"I, um, took on an extra task, uh, once because, uh, it needed to be done.",28,38
"At a previous job, I revamped the client onboarding process, making it more efficient and reducing errors, even though it wasn’t part of my role.",90,95
"Uh… I, um, remember staying late once, uh, to finish something.",30,38
"During a product launch, I took initiative to train new hires on the system, which wasn’t in my job description, but it improved the team’s efficiency.",93,97
"I, uh, helped someone at work when, uh, they needed it, um, I think.",32,42
"I wasn’t responsible for client communication, but when a major customer had concerns, I stepped in to reassure them, ultimately retaining the account.",91,96
"Um… I, uh, think there was a time I did more work than, uh, expected.",30,40
"Our system had a recurring issue, and though it wasn’t my job, I researched the problem, found a solution, and presented it to the IT team.",92,95
"Uh… I, um, helped out on a task even though, uh, it wasn’t mine.",30,39
"I took the initiative to mentor a new employee outside of my responsibilities, ensuring they were comfortable and productive much faster.",89,94
"When a key team member fell sick, I absorbed some of their responsibilities and ensured we met our targets without compromising quality.",91,96
"I, um, noticed something could be improved, so, uh, I worked on it outside my, uh, usual tasks.",28,38
"I saw that our report formatting was inconsistent, so I created a standardized template that improved clarity and saved time for the entire team.",90,94
"A tight deadline required extra effort, so I proactively took on additional work over the weekend to ensure our client received a flawless product.",88,92
"Uh… I, um, worked harder than usual, um, to help my team, uh, once.",30,38
"My team was struggling with data inconsistencies, so I developed a validation tool that significantly reduced errors, even though it wasn’t assigned to me.",91,96
"I, uh, once did something extra at work, um, because, uh, I thought it would help.",30,40
"During a project, I identified an area where we could optimize processes, took the initiative to test improvements, and reduced our turnaround time by 20%.",92,95
"Our office was transitioning to a new software, and I took the initiative to create training materials and conduct workshops to help my colleagues adjust.",89,94
"I saw an opportunity to automate a repetitive task, so I created a simple script that saved the team hours of manual work.",93,97
"I proactively took on customer support duties during a high-volume period, ensuring a seamless experience for clients and preventing delays.",94,97
One of my biggest strengths is analytical thinking. I can break down complex problems and find efficient solutions quickly.,95,98
"I excel at communication. Whether it’s presenting ideas or collaborating with a team, I ensure clarity and effectiveness.",94,97
"Um… I think, uh, I’m good at, um, problem-solving… I guess.",30,40
My adaptability is a key strength. I can quickly adjust to new challenges and learn new skills efficiently.,92,96
"Uh… I, um, think I, uh, work well with, um, people… sometimes.",28,38
"I’m highly detail-oriented. I ensure that my work is precise, reducing errors and improving quality.",90,95
"Uh… I, um, think I am, uh, good at learning new things?",30,38
I have a strong ability to stay organized. Managing multiple tasks efficiently while maintaining high quality is something I take pride in.,93,97
"I, uh, guess I’m, um, kinda good at, uh, thinking through problems.",32,42
My leadership skills allow me to motivate teams and drive projects forward successfully.,91,96
"Um… I, uh, like to help people, and, uh, I think that’s a strength?",30,40
My problem-solving skills help me approach challenges with a logical and creative mindset.,92,95
"Uh… I, um, work hard and, uh, try to do my best.",30,39
I’m a quick learner. I can absorb new information rapidly and apply it effectively.,89,94
My ability to stay calm under pressure ensures that I make rational decisions even in high-stakes situations.,91,96
"I, um, try to do things, uh, carefully and, um, be accurate.",28,38
"I take initiative. If I see an opportunity to improve something, I act on it instead of waiting for direction.",90,94
My creativity allows me to come up with innovative solutions to problems that others might not see.,88,92
"Uh… I, um, work well when, uh, things are structured… I think?",30,38
I’m a strong team player. I enjoy collaborating with others and ensuring everyone’s strengths are utilized effectively.,91,96
"I, uh, think I am, um, good at focusing on details, uh, mostly.",30,40
My time management skills allow me to prioritize tasks effectively and meet deadlines consistently.,92,95
"My curiosity drives me to constantly learn and improve, making me a valuable asset in any environment.",89,94
I’m an excellent strategist. I can look at the bigger picture while also managing the finer details.,93,97
"I am resilient. No matter what challenges arise, I stay focused and keep pushing forward.",94,97
My long-term goal is to take on a leadership role where I can drive innovation and strategic growth within an organization.,95,98
I aim to continuously develop my technical expertise and eventually transition into a management position in my field.,94,97
"Um… I, uh, want to, um, grow in my, uh, career… I think?",30,40
My goal is to enhance my skills in data analytics and eventually lead projects that have a significant business impact.,92,96
"Uh… I, um, think I want to, uh, keep learning and, um, improve?",28,38
I plan to gain deeper industry knowledge and work toward becoming a subject matter expert in my domain.,90,95
"Uh… I, um, want to do well in, um, my job… yeah.",30,38
"In the next few years, I want to take on more responsibilities, mentor junior colleagues, and contribute to high-impact projects.",93,97
"I, uh, guess I just, um, want to, uh, be successful?",32,42
"My short-term goal is to strengthen my skill set, and in the long run, I hope to transition into a leadership role.",91,96
"Um… I, uh, want to get better at, uh, what I do and, um, advance?",30,40
I am focused on growing professionally and working on innovative solutions that drive business growth.,92,95
"Uh… I, um, hope to, uh, do well and, um, move forward?",30,39
My goal is to become an expert in my field and take on projects that make a real difference in the industry.,89,94
"I want to continue improving my problem-solving skills and eventually work on larger, more complex challenges.",91,96
"I, um, think I, uh, want to be good at my job and, um, progress.",28,38
I aspire to work on global-scale projects that push the boundaries of innovation in my industry.,90,94
My goal is to eventually step into a strategic role where I can shape company policies and decision-making.,88,92
"Uh… I, um, think I want to, uh, grow in my career… I guess?",30,38
I see myself in a leadership role where I can drive change and mentor future professionals.,91,96
"I, uh, want to, um, learn new skills and, uh, grow?",30,40
My long-term vision includes leading a team and being at the forefront of technological advancements in my field.,92,95
"My immediate goal is to gain hands-on experience, and in the future, I hope to manage large-scale projects.",89,94
"I hope to balance technical growth with strategic thinking, allowing me to influence company direction.",93,97
I want to make a meaningful impact in my industry by driving innovation and fostering professional growth.,94,97
Leading a critical project that improved operational efficiency by 30% was my proudest professional achievement.,95,98
I successfully built and launched a new data analytics system that helped my team make more informed decisions.,94,97
"Um… I, uh, think my biggest accomplishment was, uh, doing well in my job?",30,40
My greatest accomplishment was developing an AI model that significantly optimized our business processes.,92,96
"Uh… I, um, worked on a project that, uh, was, um, important, I think?",28,38
"I led a team to complete a high-impact project ahead of schedule, which saved the company substantial costs.",90,95
"Uh… I, um, think I did well on a, uh, project?",30,38
Being recognized as the top performer in my department for two consecutive years is something I take great pride in.,93,97
"I, uh, guess I just, um, worked hard and, uh, succeeded?",32,42
Successfully mentoring a group of interns and seeing them excel in their roles was a rewarding experience for me.,91,96
"Um… I, uh, did well on, um, something at work, and, uh, I was happy about it?",30,40
I spearheaded a cost-saving initiative that reduced expenses by 20% without compromising quality.,92,95
"Uh… I, um, completed a task that, uh, was important, I think?",30,39
My most significant achievement was designing a process that streamlined workflow and increased productivity.,89,94
I take pride in overcoming a challenging technical issue that had stumped my team for weeks.,91,96
"I, um, think I, uh, worked hard on something and, um, it turned out well.",28,38
"Successfully delivering a high-stakes presentation to senior management, which led to a major business decision, is a key accomplishment of mine.",90,94
"I developed a solution that improved customer retention, increasing satisfaction scores by 25%.",88,92
"Uh… I, um, think I handled a difficult project, um, pretty well?",30,38
"I thrive in a fast-paced, collaborative environment where I can work with a team and solve complex problems.",95,98
"I work best in an environment that values innovation, teamwork, and continuous learning.",94,97
"Um… I, uh, think I work best in, uh, a good place?",30,40
A structured but flexible work environment where I can focus on problem-solving and collaboration is ideal for me.,92,96
"Uh… I, um, guess I’d like to work in, uh, a place where people, um, help each other?",28,38
I do well in environments that encourage creative thinking and provide opportunities to take ownership of projects.,90,95
"Uh… I, um, would like a workplace that, uh, is, um, supportive?",30,38
A workplace that fosters a balance between independent work and teamwork helps me perform at my best.,93,97
"I, uh, think I just want to, um, work somewhere that, uh, is nice?",32,42
"I prefer an environment that is dynamic, goal-driven, and encourages open communication.",91,96
"Um… I, uh, think I’d like to work in, uh, a quiet place, um, I guess?",30,40
A fast-moving environment with a strong team culture and opportunities to take initiative works best for me.,92,95
"Uh… I, um, want to work somewhere, uh, where I can feel comfortable?",30,39
"I enjoy working in a place where collaboration is encouraged, feedback is valued, and challenges drive growth.",89,94
A work environment that is both structured and allows for innovation is where I perform my best.,91,96
"I, um, think I’d like a job that, uh, lets me work in a way that I enjoy?",28,38
I excel in environments that promote continuous learning and give employees the freedom to experiment.,90,94
"I prefer a company culture that is supportive, inclusive, and focused on problem-solving.",88,92
"Uh… I, um, think I’d like to, um, work somewhere that has a positive atmosphere?",30,38
I do my best work in a team-oriented environment where new ideas are welcomed and encouraged.,91,96
"I, uh, think I just want to, um, work somewhere where I, uh, feel good?",30,40
"I work best in an environment that is goal-driven, has clear communication, and values employees' contributions.",92,95
"I am most productive in a workplace that provides flexibility, fosters innovation, and encourages collaboration.",89,94
I prefer an environment that allows me to take ownership of my work while still having support from a team.,93,97
A results-oriented and collaborative workplace where creativity is valued is ideal for me.,94,97
"When our team faced an unexpected setback on a project, I took charge by reassessing our priorities, redistributing tasks, and ensuring we met our deadline successfully.",95,98
"I led a team of interns during a company project, providing guidance, resolving conflicts, and ensuring we delivered results ahead of schedule.",94,97
"Um… I, uh, think I once helped my team… when we were, um, stuck?",30,40
"I stepped up to lead when our manager was absent, coordinating tasks and ensuring smooth communication among team members.",92,96
"Uh… I, um, guess I took the lead on, uh, something, but I, uh, don’t really remember?",28,38
"During a college event, I organized a team, delegated tasks effectively, and ensured we executed the event smoothly.",90,95
"Uh… I, um, think I helped my classmates once when, uh, we had a group project?",30,38
"I led a critical brainstorming session that helped our team develop an innovative solution, which was later implemented successfully.",93,97
"I, uh, think I did something leadership-related, um, during an assignment?",32,42
"When our project was falling behind, I motivated the team, restructured our approach, and ensured we completed everything on time.",91,96
"Um… I, uh, think I helped my team finish a project, um, but it was kinda small?",30,40
"I took the lead in a community service initiative, coordinating efforts between different groups and ensuring maximum impact.",92,95
"Uh… I, um, want to say I led a team once, but, uh, it wasn’t that big of a deal?",30,39
"During a hackathon, I coordinated efforts between developers and designers, ensuring seamless execution of our prototype.",89,94
"I organized and led training sessions for new hires, helping them integrate quickly and feel comfortable in their roles.",91,96
"I, um, think I took responsibility for a task, uh, that my team needed to finish?",28,38
"I led a task force to improve workflow inefficiencies, successfully cutting processing time by 20%.",90,94
"I was responsible for leading a client presentation, ensuring that my team was well-prepared and that we delivered a compelling pitch.",88,92
"Uh… I, um, think I took charge of a meeting when, um, my manager was out?",30,38
"I spearheaded a mentorship program, helping junior employees develop skills and navigate workplace challenges.",91,96
"I, uh, think I just, um, helped my team decide on something, but, uh, I’m not sure if that’s leadership?",30,40
"I took charge of a failing project, motivated my team, and turned it around to exceed expectations.",92,95
"I led a cross-functional team in a high-pressure situation, ensuring effective collaboration and achieving our targets.",89,94
"I prefer leading by example, so when my team struggled with deadlines, I worked alongside them to boost morale and productivity.",93,97
"When a guest speaker canceled last minute at our college event, I found a replacement on short notice, keeping the event running smoothly.",94,97